Author,Year,Title,Link,Molecule,MoleculeClass,KiGABA,BehavioralTest,Species,Strain,Treatment,Dose,Ncontrol,Ntreated,MeanControl,MeanTreated,SDControl,SDTreated
Karim et al 2012,2012,2'-Methoxy-6-methylflavone: a novel anxiolytic and sedative with subtype selective activating and modulating actions at GABA(A) receptors,https://pubmed.ncbi.nlm.nih.gov/21797842/,2′-methoxy-6-methylflavone,Flavone,,EPM ,mice,Balb-c,Acute,1,1.25,5,16.751,40.861,2.034,7.088
Karim et al 2012,2012,2'-Methoxy-6-methylflavone: a novel anxiolytic and sedative with subtype selective activating and modulating actions at GABA(A) receptors,https://pubmed.ncbi.nlm.nih.gov/21797842/,2′-methoxy-6-methylflavone,Flavone,,EPM ,mice,Balb-c,Acute,10,1.25,5,16.751,54.364,2.034,5.514
Karim et al 2012,2012,2'-Methoxy-6-methylflavone: a novel anxiolytic and sedative with subtype selective activating and modulating actions at GABA(A) receptors,https://pubmed.ncbi.nlm.nih.gov/21797842/,2′-methoxy-6-methylflavone,Flavone,,EPM ,mice,Balb-c,Acute,30,1.25,5,16.751,28.708,2.034,8.139
Karim et al 2012,2012,2'-Methoxy-6-methylflavone: a novel anxiolytic and sedative with subtype selective activating and modulating actions at GABA(A) receptors,https://pubmed.ncbi.nlm.nih.gov/21797842/,2′-methoxy-6-methylflavone,Flavone,,EPM ,mice,Balb-c,Acute,100,1.25,5,16.751,28.415,2.034,10.238
Karim et al 2012,2012,2'-Methoxy-6-methylflavone: a novel anxiolytic and sedative with subtype selective activating and modulating actions at GABA(A) receptors,https://pubmed.ncbi.nlm.nih.gov/21797842/,2′-methoxy-6-methylflavone,Flavone,,LDT,mice,Balb-c,Acute,1,1.25,5,73.782,151.218,13.28,18.899
Karim et al 2012,2012,2'-Methoxy-6-methylflavone: a novel anxiolytic and sedative with subtype selective activating and modulating actions at GABA(A) receptors,https://pubmed.ncbi.nlm.nih.gov/21797842/,2′-methoxy-6-methylflavone,Flavone,,LDT,mice,Balb-c,Acute,10,1.25,5,73.782,151.218,13.28,14.811
Karim et al 2012,2012,2'-Methoxy-6-methylflavone: a novel anxiolytic and sedative with subtype selective activating and modulating actions at GABA(A) receptors,https://pubmed.ncbi.nlm.nih.gov/21797842/,2′-methoxy-6-methylflavone,Flavone,,LDT,mice,Balb-c,Acute,30,1.25,5,73.782,96.168,13.28,11.748
Karim et al 2012,2012,2'-Methoxy-6-methylflavone: a novel anxiolytic and sedative with subtype selective activating and modulating actions at GABA(A) receptors,https://pubmed.ncbi.nlm.nih.gov/21797842/,2′-methoxy-6-methylflavone,Flavone,,LDT,mice,Balb-c,Acute,100,1.25,5,73.782,84.518,13.28,11.236
Karim et al 2011,2011,3-Hydroxy-2'-methoxy-6-methylflavone: a potent anxiolytic with a unique selectivity profile at GABA(A) receptor subtypes,https://pubmed.ncbi.nlm.nih.gov/21924247/,3-hydroxy-2-methoxy-6-methylflavone,Flavone,,EPM ,mice,Balb-c,Acute,1,2,8,16.453,34.873,2.909,8.852
Karim et al 2011,2011,3-Hydroxy-2'-methoxy-6-methylflavone: a potent anxiolytic with a unique selectivity profile at GABA(A) receptor subtypes,https://pubmed.ncbi.nlm.nih.gov/21924247/,3-hydroxy-2-methoxy-6-methylflavone,Flavone,,EPM ,mice,Balb-c,Acute,10,2,8,16.453,40.149,2.909,6.827
Karim et al 2011,2011,3-Hydroxy-2'-methoxy-6-methylflavone: a potent anxiolytic with a unique selectivity profile at GABA(A) receptor subtypes,https://pubmed.ncbi.nlm.nih.gov/21924247/,3-hydroxy-2-methoxy-6-methylflavone,Flavone,,EPM ,mice,Balb-c,Acute,30,2,8,16.453,54.635,2.909,10.875
Karim et al 2011,2011,3-Hydroxy-2'-methoxy-6-methylflavone: a potent anxiolytic with a unique selectivity profile at GABA(A) receptor subtypes,https://pubmed.ncbi.nlm.nih.gov/21924247/,3-hydroxy-2-methoxy-6-methylflavone,Flavone,,EPM ,mice,Balb-c,Acute,100,2,8,16.453,55.171,2.909,13.91
Karim et al 2011,2011,3-Hydroxy-2'-methoxy-6-methylflavone: a potent anxiolytic with a unique selectivity profile at GABA(A) receptor subtypes,https://pubmed.ncbi.nlm.nih.gov/21924247/,3-hydroxy-2-methoxy-6-methylflavone,Flavone,,LDT,mice,Balb-c,Acute,1,2,8,73.928,105.486,16.833,22.443
Karim et al 2011,2011,3-Hydroxy-2'-methoxy-6-methylflavone: a potent anxiolytic with a unique selectivity profile at GABA(A) receptor subtypes,https://pubmed.ncbi.nlm.nih.gov/21924247/,3-hydroxy-2-methoxy-6-methylflavone,Flavone,,LDT,mice,Balb-c,Acute,10,2,8,73.928,110.454,16.833,17.821
Karim et al 2011,2011,3-Hydroxy-2'-methoxy-6-methylflavone: a potent anxiolytic with a unique selectivity profile at GABA(A) receptor subtypes,https://pubmed.ncbi.nlm.nih.gov/21924247/,3-hydroxy-2-methoxy-6-methylflavone,Flavone,,LDT,mice,Balb-c,Acute,30,2,8,73.928,134.882,16.833,15.182
Karim et al 2011,2011,3-Hydroxy-2'-methoxy-6-methylflavone: a potent anxiolytic with a unique selectivity profile at GABA(A) receptor subtypes,https://pubmed.ncbi.nlm.nih.gov/21924247/,3-hydroxy-2-methoxy-6-methylflavone,Flavone,,LDT,mice,Balb-c,Acute,100,2,8,73.928,143.765,16.833,14.515
Shanmugasundaram et al 2020,2020 ,Anxiolytic-like activity of 5-methoxyflavone in mice with involvement of GABAergic and serotonergic systems - in vivo and in silico evidences,https://pubmed.ncbi.nlm.nih.gov/32534819/,5-methoxyflavone,Flavone,,EPM ,mice,Swiss,Acute,10,2,6,3.22,10.26,0.39,0.58
Shanmugasundaram et al 2020,2020 ,Anxiolytic-like activity of 5-methoxyflavone in mice with involvement of GABAergic and serotonergic systems - in vivo and in silico evidences,https://pubmed.ncbi.nlm.nih.gov/32534819/,5-methoxyflavone,Flavone,,EPM ,mice,Swiss,Acute,20,2,6,3.22,13.58,0.39,0.93
Shanmugasundaram et al 2020,2020 ,Anxiolytic-like activity of 5-methoxyflavone in mice with involvement of GABAergic and serotonergic systems - in vivo and in silico evidences,https://pubmed.ncbi.nlm.nih.gov/32534819/,5-methoxyflavone,Flavone,,EPM ,mice,Swiss,Acute,40,2,6,3.22,16.17,0.39,1.42
Shanmugasundaram et al 2020,2020 ,Anxiolytic-like activity of 5-methoxyflavone in mice with involvement of GABAergic and serotonergic systems - in vivo and in silico evidences,https://pubmed.ncbi.nlm.nih.gov/32534819/,5-methoxyflavone,Flavone,,LDT,mice,Swiss,Acute,10,2,6,66.67,94.50,2.39,9.28
Shanmugasundaram et al 2020,2020 ,Anxiolytic-like activity of 5-methoxyflavone in mice with involvement of GABAergic and serotonergic systems - in vivo and in silico evidences,https://pubmed.ncbi.nlm.nih.gov/32534819/,5-methoxyflavone,Flavone,,LDT,mice,Swiss,Acute,20,2,6,66.67,103.00,2.39,6.31
Shanmugasundaram et al 2020,2020 ,Anxiolytic-like activity of 5-methoxyflavone in mice with involvement of GABAergic and serotonergic systems - in vivo and in silico evidences,https://pubmed.ncbi.nlm.nih.gov/32534819/,5-methoxyflavone,Flavone,,LDT,mice,Swiss,Acute,40,2,6,66.67,95.33,2.39,8.47
Akbar et al 2017,2017 ,Characterization of 6-methoxyflavanone as a novel anxiolytic agent: A behavioral and pharmacokinetic approach,https://pubmed.ncbi.nlm.nih.gov/28257822/,6-methoxyflavanone,Flavanone,,EPM,mice,Balb-c,Acute,10,1.5,6,10.217,35.294,1.858,15.48
Akbar et al 2017,2017 ,Characterization of 6-methoxyflavanone as a novel anxiolytic agent: A behavioral and pharmacokinetic approach,https://pubmed.ncbi.nlm.nih.gov/28257822/,6-methoxyflavanone,Flavanone,,EPM,mice,Balb-c,Acute,30,1.5,6,10.217,53.56,1.858,8.978
Akbar et al 2017,2017 ,Characterization of 6-methoxyflavanone as a novel anxiolytic agent: A behavioral and pharmacokinetic approach,https://pubmed.ncbi.nlm.nih.gov/28257822/,6-methoxyflavanone,Flavanone,,EPM,mice,Balb-c,Acute,50,1.5,6,10.217,77.399,1.858,4.954
Akbar et al 2017,2017 ,Characterization of 6-methoxyflavanone as a novel anxiolytic agent: A behavioral and pharmacokinetic approach,https://pubmed.ncbi.nlm.nih.gov/28257822/,6-methoxyflavanone,Flavanone,,EPM,mice,Balb-c,Acute,100,1.5,6,10.217,16.718,1.858,3.406
Kumar and Bhat 2014,2014 ,Apigenin 7-glucoside from Stachys tibetica Vatke and its anxiolytic effect in rats,https://pubmed.ncbi.nlm.nih.gov/24462214/,apigenin 7-glucoside,Glucoside derivative,,EPM,rats,Wistar,Acute,5,2,6,14.43,45.132,3.907,14.287
Viola et al. 1995,1995,"Apigenin, a component of Matricaria recutita flowers, is a central benzodiazepine receptors-ligand with anxiolytic effects",https://pubmed.ncbi.nlm.nih.gov/7617761/,Apigenin,Flavone,4,EPM,mice,CF1,Acute,1,11,15,3.18245,4.444444444444445,5.64141930653047,9.77543121676495
Viola et al. 1995,1995,"Apigenin, a component of Matricaria recutita flowers, is a central benzodiazepine receptors-ligand with anxiolytic effects",https://pubmed.ncbi.nlm.nih.gov/7617761/,Apigenin,Flavone,4,EPM,mice,CF1,Acute,3,11,27,3.18245,9.77543121676495,5.64141930653047,16.2513409105228
Viola et al. 1995,1995,"Apigenin, a component of Matricaria recutita flowers, is a central benzodiazepine receptors-ligand with anxiolytic effects",https://pubmed.ncbi.nlm.nih.gov/7617761/,Apigenin,Flavone,4,EPM,mice,CF1,Acute,10,11,19,3.18245,4.609053497942386,5.64141930653047,9.56685639185882
Avallone et al. 2000,2000,"Pharmacological profile of apigenin, a flavonoid isolated from Matricaria chamomilla",https://pubmed.ncbi.nlm.nih.gov/10751547/,Apigenin,Flavone,4,EPM,rats,Sprague-Dawley,Acute,0.5,2,8,8.394833948339484,2.5830258302583027,4.43572519563517,3.39202514960336
Avallone et al. 2000,2000,"Pharmacological profile of apigenin, a flavonoid isolated from Matricaria chamomilla",https://pubmed.ncbi.nlm.nih.gov/10751547/,Apigenin,Flavone,4,EPM,rats,Sprague-Dawley,Acute,1,2,8,8.394833948339484,16.328413284132843,4.43572519563517,8.87145039127033
Avallone et al. 2000,2000,"Pharmacological profile of apigenin, a flavonoid isolated from Matricaria chamomilla",https://pubmed.ncbi.nlm.nih.gov/10751547/,Apigenin,Flavone,4,EPM,rats,Sprague-Dawley,Acute,3,2,8,8.394833948339484,6.273062730627307,4.43572519563517,33.9202514960336
Avallone et al. 2000,2000,"Pharmacological profile of apigenin, a flavonoid isolated from Matricaria chamomilla",https://pubmed.ncbi.nlm.nih.gov/10751547/,Apigenin,Flavone,4,EPM,rats,Sprague-Dawley,Acute,10,2,8,8.394833948339484,9.040590405904059,4.43572519563517,8.61052537976239
Kumar and Bhat 2014,2014 ,Apigenin 7-glucoside from Stachys tibetica Vatke and its anxiolytic effect in rats,https://pubmed.ncbi.nlm.nih.gov/24462214/,apigenin 7-glucoside,Glucoside derivative,,EPM,rats,Wistar,Acute,2.5,2,6,14.43,43.904,3.907,9.775
Kumar and Bhat 2014,2014 ,Apigenin 7-glucoside from Stachys tibetica Vatke and its anxiolytic effect in rats,https://pubmed.ncbi.nlm.nih.gov/24462214/,apigenin 7-glucoside,Glucoside derivative,,EPM,rats,Wistar,Acute,5,2,6,14.43,58.947,3.907,19.551
Germán-Ponciano et al 2020,2020,Chrysin. but not flavone backbone. decreases anxiety-like behavior in animal screens ,https://pubmed.ncbi.nlm.nih.gov/32961254/,Chrysin,Flavone,3 ,EPM,rats,Wistar,Acute,1,4,8,43.3,156,23.7,98.9
Wolfman et al. 1994,1994,Possible anxiolytic effects of chrysin. a central benzodiazepine receptor ligand isolated from Passiflora coerulea ,https://pubmed.ncbi.nlm.nih.gov/7906886/,Chrysin,Flavone,3 ,EPM,mice,CF1,Acute,0.1,12.75,18,5,2.4,2.3,0.5
Wolfman et al. 1994,1994,Possible anxiolytic effects of chrysin. a central benzodiazepine receptor ligand isolated from Passiflora coerulea ,https://pubmed.ncbi.nlm.nih.gov/7906886/,Chrysin,Flavone,3 ,EPM,mice,CF1,Acute,1,12.75,36,5,12.4,2.3,2.4
Wolfman et al. 1994,1994,Possible anxiolytic effects of chrysin. a central benzodiazepine receptor ligand isolated from Passiflora coerulea ,https://pubmed.ncbi.nlm.nih.gov/7906886/,Chrysin,Flavone,3 ,EPM,mice,CF1,Acute,3,12.75,21,5,6.3,2.3,2.2
Wolfman et al. 1994,1994,Possible anxiolytic effects of chrysin. a central benzodiazepine receptor ligand isolated from Passiflora coerulea ,https://pubmed.ncbi.nlm.nih.gov/7906886/,Chrysin,Flavone,3 ,EPM,mice,CF1,Acute,10,12.75,15,5,4.9,2.3,1.8
Zanoli et al. 2000,2000,Behavioral characterization of the flavonoids apigenin and chrysin,https://pubmed.ncbi.nlm.nih.gov/10930722/,Chrysin,Flavone,3 ,LDT,rats,Sprague-Dawley,Acute,1,12,12,19.292604501607716,57.62057877813504,12.4752212506569,55.2474083957661
Germán-Ponciano et al 2020,2020,Chrysin. but not flavone backbone. decreases anxiety-like behavior in animal screens ,https://pubmed.ncbi.nlm.nih.gov/32961254/,Chrysin,Flavone,1 ,LDT,zebrafish,WT,Acute,1,4,12,75.0725833333333,308.4155,4.79234585613266,278.93648999809
Germán-Ponciano et al 2020,2020,Chrysin. but not flavone backbone. decreases anxiety-like behavior in animal screens ,https://pubmed.ncbi.nlm.nih.gov/32961254/,Flavone,Flavone,1 ,EPM,rats,Wistar,Acute,1,4,8,43.3,52.5,23.7,49.7
Germán-Ponciano et al 2020,2020,Chrysin. but not flavone backbone. decreases anxiety-like behavior in animal screens ,https://pubmed.ncbi.nlm.nih.gov/32961254/,Flavone,Flavone,1 ,LDT,zebrafish,WT,Acute,1,4,11,75.0725833333333,180.681636363636,4.79234585613266,196.970967503474
Viola et al. 1994,1994,Isolation of pharmacologically active benzodiazepine receptor ligands from Tília tomentosa (Tiliaceae),https://pubmed.ncbi.nlm.nih.gov/7990504/,Kaempferol,Flavonol,93 ,EPM,mice,CF1,Acute,1,8.67,22,4.002932551319648,3.035190615835777,4.79234585613266,3.50749565617295
Viola et al. 1994,1994,Isolation of pharmacologically active benzodiazepine receptor ligands from Tília tomentosa (Tiliaceae),https://pubmed.ncbi.nlm.nih.gov/7990504/,Kaempferol,Flavonol,93 ,EPM,mice,CF1,Acute,3,8.67,10,4.002932551319648,1.4516129032258065,4.79234585613266,2.36475308898222
Viola et al. 1994,1994,Isolation of pharmacologically active benzodiazepine receptor ligands from Tília tomentosa (Tiliaceae),https://pubmed.ncbi.nlm.nih.gov/7990504/,Kaempferol,Flavonol,93 ,EPM,mice,CF1,Acute,10,8.67,19,4.002932551319648,7.038123167155426,4.79234585613266,7.09439564124655
Vissienon et al 2012,2012,"Route of administration determines the anxiolytic activity of the flavonols kaempferol, quercetin and myricetin – are they prodrugs?",https://pubmed.ncbi.nlm.nih.gov/21840194/,Kaempferol,Flavonol,93 ,EPM,mice,C57BL,Acute,0.1,3,12,4.569892473118279,7.392473118279569,1.39681516739426,8.84649606016362
Vissienon et al 2012,2012,"Route of administration determines the anxiolytic activity of the flavonols kaempferol, quercetin and myricetin – are they prodrugs?",https://pubmed.ncbi.nlm.nih.gov/21840194/,Kaempferol,Flavonol,93 ,EPM,mice,C57BL,Acute,0.5,3,12,4.569892473118279,10.887096774193548,1.39681516739426,7.91528594856745
Vissienon et al 2012,2012,"Route of administration determines the anxiolytic activity of the flavonols kaempferol, quercetin and myricetin – are they prodrugs?",https://pubmed.ncbi.nlm.nih.gov/21840194/,Kaempferol,Flavonol,93 ,EPM,mice,C57BL,Acute,1,3,12,4.569892473118279,16.93548387096774,1.39681516739426,9.7777061717598
Vissienon et al 2012,2012,"Route of administration determines the anxiolytic activity of the flavonols kaempferol, quercetin and myricetin – are they prodrugs?",https://pubmed.ncbi.nlm.nih.gov/21840194/,Kaempferol,Flavonol,93 ,EPM,mice,C57BL,Acute,2,3,12,4.569892473118279,6.854838709677419,1.39681516739426,6.98407583697128
Grundmann et al 2009,2009,Kaempferol from the leaves of Apocynum venetum possesses anxiolytic activities in the elevated plus maze test in mice,https://pubmed.ncbi.nlm.nih.gov/19303276/,Kaempferol,Flavonol,93 ,EPM,mice,C57BL,Acute,0.01,2,10,2.4555160142348758,5.5160142348754455,0.553606732601567,3.37609714608724
Grundmann et al 2009,2009,Kaempferol from the leaves of Apocynum venetum possesses anxiolytic activities in the elevated plus maze test in mice,https://pubmed.ncbi.nlm.nih.gov/19303276/,Kaempferol,Flavonol,93 ,EPM,mice,C57BL,Acute,0.02,2,10,2.4555160142348758,9.14590747330961,0.553606732601567,3.93878000376844
Grundmann et al 2009,2009,Kaempferol from the leaves of Apocynum venetum possesses anxiolytic activities in the elevated plus maze test in mice,https://pubmed.ncbi.nlm.nih.gov/19303276/,Kaempferol,Flavonol,93 ,EPM,mice,C57BL,Acute,0.08,2,10,2.4555160142348758,10.960854092526692,0.553606732601567,6.75219429217447
Grundmann et al 2009,2009,Kaempferol from the leaves of Apocynum venetum possesses anxiolytic activities in the elevated plus maze test in mice,https://pubmed.ncbi.nlm.nih.gov/19303276/,Kaempferol,Flavonol,93 ,EPM,mice,C57BL,Acute,0.5,2,10,2.4555160142348758,9.644128113879004,0.553606732601567,6.63965772063824
Grundmann et al 2009,2009,Kaempferol from the leaves of Apocynum venetum possesses anxiolytic activities in the elevated plus maze test in mice,https://pubmed.ncbi.nlm.nih.gov/19303276/,Kaempferol,Flavonol,93 ,EPM,mice,C57BL,Acute,1,2,10,2.4555160142348758,9.252669039145909,0.553606732601567,3.8262434322322
Vissienon et al 2012,2012,"Route of administration determines the anxiolytic activity of the flavonols kaempferol, quercetin and myricetin – are they prodrugs?",https://pubmed.ncbi.nlm.nih.gov/21840194/,Myricetin,Flavonol,,EPM,mice,C57BL,Acute,0.1,3,12,4.783783783783784,6.72972972972973,0.842619311790264,4.49396966288141
Vissienon et al 2012,2012,"Route of administration determines the anxiolytic activity of the flavonols kaempferol, quercetin and myricetin – are they prodrugs?",https://pubmed.ncbi.nlm.nih.gov/21840194/,Myricetin,Flavonol,,EPM,mice,C57BL,Acute,0.5,3,12,4.783783783783784,7.135135135135135,0.842619311790264,4.21309655895133
Vissienon et al 2012,2012,"Route of administration determines the anxiolytic activity of the flavonols kaempferol, quercetin and myricetin – are they prodrugs?",https://pubmed.ncbi.nlm.nih.gov/21840194/,Myricetin,Flavonol,,EPM,mice,C57BL,Acute,1,3,12,4.783783783783784,6.081081081081082,0.842619311790264,3.37047724716106
Vissienon et al 2012,2012,"Route of administration determines the anxiolytic activity of the flavonols kaempferol, quercetin and myricetin – are they prodrugs?",https://pubmed.ncbi.nlm.nih.gov/21840194/,Myricetin,Flavonol,,EPM,mice,C57BL,Acute,2,3,12,4.783783783783784,9.486486486486488,0.842619311790264,7.86444691004247
Anderson et al 2012,2012,Investigation of the anxiolytic effects of naringenin. a component of Mentha aquatica. in the male Sprague-Dawley rat,https://pubmed.ncbi.nlm.nih.gov/22157509/,Naringenin ,Flavanone,,EPM,rats,Sprague-Dawley,Acute,100,11,11,54.84,57.6,26.532,83.247
Ben-Azu et al 2018,2018 ,Evaluation of the Neurobehavioral Properties of Naringin in Swiss Mice,https://pubmed.ncbi.nlm.nih.gov/29529676/,Naringin ,Flavanone,,HB,mice ,Swiss,Acute,2.5,2,6,41.599,63.765,4.72,7.43
Ben-Azu et al 2018,2018 ,Evaluation of the Neurobehavioral Properties of Naringin in Swiss Mice,https://pubmed.ncbi.nlm.nih.gov/29529676/,Naringin ,Flavanone,,HB,mice ,Swiss,Acute,5,2,6,41.599,67.713,4.72,8.92
Ben-Azu et al 2018,2018 ,Evaluation of the Neurobehavioral Properties of Naringin in Swiss Mice,https://pubmed.ncbi.nlm.nih.gov/29529676/,Naringin ,Flavanone,,HB,mice ,Swiss,Acute,10,2,6,41.599,47.065,4.72,2.733
Ben-Azu et al 2018,2018 ,Evaluation of the Neurobehavioral Properties of Naringin in Swiss Mice,https://pubmed.ncbi.nlm.nih.gov/29529676/,Naringin ,Flavanone,,LDT,mice ,Swiss,Acute,2.5,2,6,170.699,223.118,7.616,13.168
Ben-Azu et al 2018,2018 ,Evaluation of the Neurobehavioral Properties of Naringin in Swiss Mice,https://pubmed.ncbi.nlm.nih.gov/29529676/,Naringin ,Flavanone,,LDT,mice ,Swiss,Acute,5,2,6,170.699,223.118,7.616,19.755
Ben-Azu et al 2018,2018 ,Evaluation of the Neurobehavioral Properties of Naringin in Swiss Mice,https://pubmed.ncbi.nlm.nih.gov/29529676/,Naringin ,Flavanone,,LDT,mice ,Swiss,Acute,10,2,6,170.699,162.634,7.616,23.047
Ben-Azu et al 2018,2018 ,Evaluation of the Neurobehavioral Properties of Naringin in Swiss Mice,https://pubmed.ncbi.nlm.nih.gov/29529676/,Naringin ,Flavanone,,EPM ,mice ,Swiss,Acute,2.5,2,6,43.6,124.40,12.85,23.93
Ben-Azu et al 2018,2018 ,Evaluation of the Neurobehavioral Properties of Naringin in Swiss Mice,https://pubmed.ncbi.nlm.nih.gov/29529676/,Naringin ,Flavanone,,EPM ,mice ,Swiss,Acute,5,2,6,43.6,132.60,12.85,22.29
Ben-Azu et al 2018,2018 ,Evaluation of the Neurobehavioral Properties of Naringin in Swiss Mice,https://pubmed.ncbi.nlm.nih.gov/29529676/,Naringin ,Flavanone,,EPM ,mice ,Swiss,Acute,10,2,6,43.6,58.00,12.85,8.23
Qiu et al 2018,2018,The anxiolytic-like effects of puerarin are associated with the changes of monoa-minergic neurotransmitters and biosynthesis of allopregnanolone in the brain,https://pubmed.ncbi.nlm.nih.gov/29101599/,Puerarin,Isoflavone,,EPM,rats,Sprague-Dawley,Acute,30,3.33,10,215.3,212.08,19.171,27.834
Qiu et al 2018,2018,The anxiolytic-like effects of puerarin are associated with the changes of monoa-minergic neurotransmitters and biosynthesis of allopregnanolone in the brain,https://pubmed.ncbi.nlm.nih.gov/29101599/,Puerarin,Isoflavone,,EPM,rats,Sprague-Dawley,Acute,60,3.33,10,215.3,229.97,19.171,46.684
Qiu et al 2018,2018,The anxiolytic-like effects of puerarin are associated with the changes of monoa-minergic neurotransmitters and biosynthesis of allopregnanolone in the brain,https://pubmed.ncbi.nlm.nih.gov/29101599/,Puerarin,Isoflavone,,EPM,rats,Sprague-Dawley,Acute,120,3.33,10,215.3,222.303,19.171,33.222
Samad et al 2018,2018 ,Quercetin protects against stress-induced anxiety- and depression-like behavior and improves memory in male mice,https://pubmed.ncbi.nlm.nih.gov/30044120/,Quercetin,Flavonol,,LDT,mice,Albino,Chronic,20,6,6,97.763,152.382,13.333,18.413
Samad et al 2018,2018 ,Quercetin protects against stress-induced anxiety- and depression-like behavior and improves memory in male mice,https://pubmed.ncbi.nlm.nih.gov/30044120/,Quercetin,Flavonol,,EPM,mice,Albino,Chronic,20,6,6,125.217,162.484,20.87,14.161
Vissienon et al 2012,2012,"Route of administration determines the anxiolytic activity of the flavonols kaempferol, quercetin and myricetin – are they prodrugs?",https://pubmed.ncbi.nlm.nih.gov/21840194/,Quercetin,Flavonol,,EPM,mice,C57BL,Acute,0.1,3,12,5.297297297297297,5.837837837837839,0.748994943813569,5.99195955050855
Vissienon et al 2012,2012,"Route of administration determines the anxiolytic activity of the flavonols kaempferol, quercetin and myricetin – are they prodrugs?",https://pubmed.ncbi.nlm.nih.gov/21840194/,Quercetin,Flavonol,,EPM,mice,C57BL,Acute,0.5,3,12,5.297297297297297,15.891891891891893,0.748994943813569,6.36645702241533
Vissienon et al 2012,2012,"Route of administration determines the anxiolytic activity of the flavonols kaempferol, quercetin and myricetin – are they prodrugs?",https://pubmed.ncbi.nlm.nih.gov/21840194/,Quercetin,Flavonol,,EPM,mice,C57BL,Acute,1,3,12,5.297297297297297,14.91891891891892,0.748994943813569,6.36645702241534
Vissienon et al 2012,2012,"Route of administration determines the anxiolytic activity of the flavonols kaempferol, quercetin and myricetin – are they prodrugs?",https://pubmed.ncbi.nlm.nih.gov/21840194/,Quercetin,Flavonol,,EPM,mice,C57BL,Acute,2,3,12,5.297297297297297,6.810810810810811,0.748994943813569,4.11947219097462
Islam et al. 2022,2022,Anxiolytic-like Effect of Quercetin Possibly through GABA Receptor Interaction Pathway: In Vivo and In Silico Studies,https://www.ncbi.nlm.nih.gov/pmc/articles/PMC9656213/,Quercetin,Flavonol,,LDT,mice,Swiss,Acute,50,5,5,104.2,126.2,3.30938060669969,9.5480102639241
Li et al 2016,2016,Involvement of 5-HT1A Receptors in the Anxiolytic-Like Effects of Quercitrin and Evidence of the Involvement of the Monoaminergic System,https://pubmed.ncbi.nlm.nih.gov/27298626/,Quercitrin,Glycoside derivative,,EPM,mice,ICR,Chronic,2.5,5,15,28.597,30.115,4.677,7.625
Li et al 2016,2016,Involvement of 5-HT1A Receptors in the Anxiolytic-Like Effects of Quercitrin and Evidence of the Involvement of the Monoaminergic System,https://pubmed.ncbi.nlm.nih.gov/27298626/,Quercitrin,Glycoside derivative,,EPM,mice,ICR,Chronic,5,5,15,28.597,36.187,4.677,9.376
Li et al 2016,2016,Involvement of 5-HT1A Receptors in the Anxiolytic-Like Effects of Quercitrin and Evidence of the Involvement of the Monoaminergic System,https://pubmed.ncbi.nlm.nih.gov/27298626/,Quercitrin,Glycoside derivative,,EPM,mice,ICR,Chronic,10,5,15,28.597,39.551,4.677,7.625
Li et al 2016,2016,Involvement of 5-HT1A Receptors in the Anxiolytic-Like Effects of Quercitrin and Evidence of the Involvement of the Monoaminergic System,https://pubmed.ncbi.nlm.nih.gov/27298626/,Quercitrin,Glycoside derivative,,LDT,mice,ICR,Chronic,2.5,5,15,30.699,37.516,3.126,6.735
Li et al 2016,2016,Involvement of 5-HT1A Receptors in the Anxiolytic-Like Effects of Quercitrin and Evidence of the Involvement of the Monoaminergic System,https://pubmed.ncbi.nlm.nih.gov/27298626/,Quercitrin,Glycoside derivative,,LDT,mice,ICR,Chronic,5,5,15,30.699,40.186,3.126,10.104
Li et al 2016,2016,Involvement of 5-HT1A Receptors in the Anxiolytic-Like Effects of Quercitrin and Evidence of the Involvement of the Monoaminergic System,https://pubmed.ncbi.nlm.nih.gov/27298626/,Quercitrin,Glycoside derivative,,LDT,mice,ICR,Chronic,10,5,15,30.699,44.224,3.126,7.738
Anesti et al 2020,2020 ,Effect of rutin on anxiety-like behavior and activity of acetylcholinesterase isoforms in specific brain regions of pentylenetetrazol-treated mice,https://pubmed.ncbi.nlm.nih.gov/31747631/,Rutin,Glycoside derivative,,OFT,mice ,Balb-c,Chronic,100,8,8,452.196,446.921,54.744,104.51
Anesti et al 2020,2020 ,Effect of rutin on anxiety-like behavior and activity of acetylcholinesterase isoforms in specific brain regions of pentylenetetrazol-treated mice,https://pubmed.ncbi.nlm.nih.gov/31747631/,Rutin,Glycoside derivative,,EPM,mice ,Balb-c,Chronic,100,8,8,0.156,0.168,0.062,0.079
Hernandez-Leon et al 2017,2017,The anxiolytic-like effect of rutin in rats involves GABAA receptors in the basolateral amygdala,https://pubmed.ncbi.nlm.nih.gov/28145981/,Rutin,Glycoside derivative,,EPM,rats,Wistar,Acute,30,1.2,6,9.345,13.538,5.12,14.087
Hernandez-Leon et al 2017,2017,The anxiolytic-like effect of rutin in rats involves GABAA receptors in the basolateral amygdala,https://pubmed.ncbi.nlm.nih.gov/28145981/,Rutin,Glycoside derivative,,EPM,rats,Wistar,Acute,100,1.2,6,9.345,24.081,5.12,12.325
Hernandez-Leon et al 2017,2017,The anxiolytic-like effect of rutin in rats involves GABAA receptors in the basolateral amygdala,https://pubmed.ncbi.nlm.nih.gov/28145981/,Rutin,Glycoside derivative,,EPM,rats,Wistar,Acute,30,1.2,6,9.345,48.882,5.12,8.218
Hernandez-Leon et al 2017,2017,The anxiolytic-like effect of rutin in rats involves GABAA receptors in the basolateral amygdala,https://pubmed.ncbi.nlm.nih.gov/28145981/,Rutin,Glycoside derivative,,EPM,rats,Wistar,Acute,562,1.2,6,9.345,58.946,5.12,29.641
Hernandez-Leon et al 2017,2017,The anxiolytic-like effect of rutin in rats involves GABAA receptors in the basolateral amygdala,https://pubmed.ncbi.nlm.nih.gov/28145981/,Rutin,Glycoside derivative,,EPM,rats,Wistar,Acute,1000,1.2,6,9.345,77.516,5.12,23.769
Liu et al 2015,2015,GABA and 5-HT systems are implicated in the anxiolytic-like effect of Spinosin in mice,https://pubmed.ncbi.nlm.nih.gov/25449359/,Spinosin,Glycoside derivative,,EPM,mice,ICR,Acute,1.25,5,15,0.729,0.693,0.1609,0.2904
Liu et al 2015,2015,GABA and 5-HT systems are implicated in the anxiolytic-like effect of Spinosin in mice,https://pubmed.ncbi.nlm.nih.gov/25449359/,Spinosin,Glycoside derivative,,EPM,mice,ICR,Acute,2.5,5,15,0.729,0.693,0.1609,0.2672
Liu et al 2015,2015,GABA and 5-HT systems are implicated in the anxiolytic-like effect of Spinosin in mice,https://pubmed.ncbi.nlm.nih.gov/25449359/,Spinosin,Glycoside derivative,,EPM,mice,ICR,Acute,5,5,15,0.729,0.693,0.1609,0.3137
Liu et al 2015,2015,GABA and 5-HT systems are implicated in the anxiolytic-like effect of Spinosin in mice,https://pubmed.ncbi.nlm.nih.gov/25449359/,Spinosin,Glycoside derivative,,LDT,mice,ICR,Acute,1.25,5,15,86.567,103.731,16.68,34.68
Liu et al 2015,2015,GABA and 5-HT systems are implicated in the anxiolytic-like effect of Spinosin in mice,https://pubmed.ncbi.nlm.nih.gov/25449359/,Spinosin,Glycoside derivative,,LDT,mice,ICR,Acute,2.5,5,15,86.567,88.06,16.68,10.58
Liu et al 2015,2015,GABA and 5-HT systems are implicated in the anxiolytic-like effect of Spinosin in mice,https://pubmed.ncbi.nlm.nih.gov/25449359/,Spinosin,Glycoside derivative,,LDT,mice,ICR,Acute,5,5,15,86.567,110.821,16.68,30.34
Hui et al 2002,2002,"Anxiolytic effect of wogonin, a benzodiazepine receptor ligand isolated from Scutellaria baicalensis Georgi",https://pubmed.ncbi.nlm.nih.gov/12392823/,Wogonin,Flavone,0.92 ,EPM,mice,ICR,Acute,3.75,4,16,44.10434782608696,48.97391304347826,4.17391304347827,6.67826086956521
Hui et al 2002,2002,"Anxiolytic effect of wogonin, a benzodiazepine receptor ligand isolated from Scutellaria baicalensis Georgi",https://pubmed.ncbi.nlm.nih.gov/12392823/,Wogonin,Flavone,0.92 ,EPM,mice,ICR,Acute,7.5,4,16,44.10434782608696,58.15652173913043,4.17391304347827,13.3565217391304
Hui et al 2002,2002,"Anxiolytic effect of wogonin, a benzodiazepine receptor ligand isolated from Scutellaria baicalensis Georgi",https://pubmed.ncbi.nlm.nih.gov/12392823/,Wogonin,Flavone,0.92 ,EPM,mice,ICR,Acute,15,4,16,44.10434782608696,63.02608695652174,4.17391304347827,10.0173913043478
Hui et al 2002,2002,"Anxiolytic effect of wogonin, a benzodiazepine receptor ligand isolated from Scutellaria baicalensis Georgi",https://pubmed.ncbi.nlm.nih.gov/12392823/,Wogonin,Flavone,0.92 ,EPM,mice,ICR,Acute,30,4,16,44.10434782608696,67.75652173913043,4.17391304347827,8.90434782608696
Marder et al 2003,2003,6-methylapigenin and hesperidin: new valeriana flavonoids with activity on the CNS ,https://pubmed.ncbi.nlm.nih.gov/12895671/,6-methylapigenin,Flavone,,EPM,mice,Swiss,Acute,0.3,5,11,27.51196172248804,41.985645933014354,10.4314175983842,12.6952145085374
Marder et al 2003,2003,6-methylapigenin and hesperidin: new valeriana flavonoids with activity on the CNS ,https://pubmed.ncbi.nlm.nih.gov/12895671/,6-methylapigenin,Flavone,,EPM,mice,Swiss,Acute,1,5,11,27.51196172248804,58.133971291866025,10.4314175983842,15.47229268228
Marder et al 2003,2003,6-methylapigenin and hesperidin: new valeriana flavonoids with activity on the CNS ,https://pubmed.ncbi.nlm.nih.gov/12895671/,Hesperidin,Glycoside derivative,,HB,mice,Swiss,Acute,2,6,14,6.757425742574258,4.430693069306931,0.909464013409595,0.685960715868863
Marder et al 2003,2003,6-methylapigenin and hesperidin: new valeriana flavonoids with activity on the CNS ,https://pubmed.ncbi.nlm.nih.gov/12895671/,Hesperidin,Glycoside derivative,,HB,mice,Swiss,Acute,4,6,14,6.757425742574258,1.806930693069307,0.909464013409595,0.600215626385254
Nachammai et al 2021,2021,Anxiolytic effects of silibinin and naringenin on zebrafish model: A preclinical study,https://pubmed.ncbi.nlm.nih.gov/34975133/,Silibinin,Flavonolignan,,NTT,zebrafish,WT,Chronic,0.1,1.67,10,35.79234972677596,59.8360655737705,3.82513661202186,2.18579234972677
Nachammai et al 2021,2021,Anxiolytic effects of silibinin and naringenin on zebrafish model: A preclinical study,https://pubmed.ncbi.nlm.nih.gov/34975133/,Silibinin,Flavonolignan,,NTT,zebrafish,WT,Chronic,1,1.67,10,35.79234972677596,65.57377049180329,3.82513661202186,2.18579234972677
Nachammai et al 2021,2021,Anxiolytic effects of silibinin and naringenin on zebrafish model: A preclinical study,https://pubmed.ncbi.nlm.nih.gov/34975133/,Silibinin,Flavonolignan,,NTT,zebrafish,WT,Chronic,10,1.67,10,35.79234972677596,68.85245901639345,3.82513661202186,1.63934426229508
Nachammai et al 2021,2021,Anxiolytic effects of silibinin and naringenin on zebrafish model: A preclinical study,https://pubmed.ncbi.nlm.nih.gov/34975133/,Naringenin ,Flavanone,26000,NTT,zebrafish,WT,Chronic,0.1,1.67,10,35.79234972677596,39.61748633879782,3.82513661202186,4.6448087431694
Nachammai et al 2021,2021,Anxiolytic effects of silibinin and naringenin on zebrafish model: A preclinical study,https://pubmed.ncbi.nlm.nih.gov/34975133/,Naringenin ,Flavanone,26000,NTT,zebrafish,WT,Chronic,1,1.67,10,35.79234972677596,63.387978142076506,3.82513661202186,5.73770491803279
Nachammai et al 2021,2021,Anxiolytic effects of silibinin and naringenin on zebrafish model: A preclinical study,https://pubmed.ncbi.nlm.nih.gov/34975133/,Naringenin ,Flavanone,26000,NTT,zebrafish,WT,Chronic,10,1.67,10,35.79234972677596,103.00546448087432,3.82513661202186,3.00546448087432
Nachammai et al 2021,2021,Anxiolytic effects of silibinin and naringenin on zebrafish model: A preclinical study,https://pubmed.ncbi.nlm.nih.gov/34975133/,Silibinin,Flavonolignan,,LDT,zebrafish,WT,Chronic,0.1,1.67,10,117.21854304635762,70.86092715231788,2.64900662251655,4.30463576158941
Nachammai et al 2021,2021,Anxiolytic effects of silibinin and naringenin on zebrafish model: A preclinical study,https://pubmed.ncbi.nlm.nih.gov/34975133/,Silibinin,Flavonolignan,,LDT,zebrafish,WT,Chronic,1,1.67,10,117.21854304635762,87.41721854304636,2.64900662251655,2.64900662251657
Nachammai et al 2021,2021,Anxiolytic effects of silibinin and naringenin on zebrafish model: A preclinical study,https://pubmed.ncbi.nlm.nih.gov/34975133/,Silibinin,Flavonolignan,,LDT,zebrafish,WT,Chronic,10,1.67,10,117.21854304635762,142.38410596026492,2.64900662251655,1.65562913907283
Nachammai et al 2021,2021,Anxiolytic effects of silibinin and naringenin on zebrafish model: A preclinical study,https://pubmed.ncbi.nlm.nih.gov/34975133/,Naringenin ,Flavanone,26000,LDT,zebrafish,WT,Chronic,0.1,1.67,10,117.21854304635762,66.88741721854305,2.64900662251655,3.64238410596026
Nachammai et al 2021,2021,Anxiolytic effects of silibinin and naringenin on zebrafish model: A preclinical study,https://pubmed.ncbi.nlm.nih.gov/34975133/,Naringenin ,Flavanone,26000,LDT,zebrafish,WT,Chronic,1,1.67,10,117.21854304635762,91.3907284768212,2.64900662251655,3.64238410596027
Nachammai et al 2021,2021,Anxiolytic effects of silibinin and naringenin on zebrafish model: A preclinical study,https://pubmed.ncbi.nlm.nih.gov/34975133/,Naringenin ,Flavanone,26000,LDT,zebrafish,WT,Chronic,10,1.67,10,117.21854304635762,127.48344370860929,2.64900662251655,2.31788079470198
Vignes et al 2006,2006,Anxiolytic properties of green tea polyphenol (-)-epigallocatechin gallate (EGCG),https://pubmed.ncbi.nlm.nih.gov/16859659/,(-)-epigallocatechin gallate,Flavanol,,EPM,mice,Swiss,Acute,7.5,3,9,98.16689466484269,156.27906976744185,35.2570670542064,30.5335157318742
Vignes et al 2006,2006,Anxiolytic properties of green tea polyphenol (-)-epigallocatechin gallate (EGCG),https://pubmed.ncbi.nlm.nih.gov/16859659/,(-)-epigallocatechin gallate,Flavanol,,EPM,mice,Swiss,Acute,15,3,8,98.16689466484269,156.60738714090286,35.2570670542064,54.172366621067
Vignes et al 2006,2006,Anxiolytic properties of green tea polyphenol (-)-epigallocatechin gallate (EGCG),https://pubmed.ncbi.nlm.nih.gov/16859659/,(-)-epigallocatechin gallate,Flavanol,,EPM,mice,Swiss,Acute,30,3,11,98.16689466484269,188.45417236662107,35.2570670542064,79.6127320578855
Vignes et al 2006,2006,Anxiolytic properties of green tea polyphenol (-)-epigallocatechin gallate (EGCG),https://pubmed.ncbi.nlm.nih.gov/16859659/,(-)-epigallocatechin gallate,Flavanol,,EPM,mice,Swiss,Acute,60,3,12,98.16689466484269,174.33652530779753,35.2570670542064,47.7676392347313 
Coleta et al 2008,2008,"Assessment of luteolin (3′,4′,5,7-tetrahydroxyflavone) neuropharmacological activity",https://pubmed.ncbi.nlm.nih.gov/18249450/,Luteolin,Flavone,60.1 ,EPM,mice,Swiss,Acute,1,2.25,9,10.299727520435967,9.318801089918257,3.6104056343057,7.72479564032697
Coleta et al 2008,2008,"Assessment of luteolin (3′,4′,5,7-tetrahydroxyflavone) neuropharmacological activity",https://pubmed.ncbi.nlm.nih.gov/18249450/,Luteolin,Flavone,60.1 ,EPM,mice,Swiss,Acute,5,2.25,9,10.299727520435967,26.36239782016349,3.6104056343057,11.4032697547684
Coleta et al 2008,2008,"Assessment of luteolin (3′,4′,5,7-tetrahydroxyflavone) neuropharmacological activity",https://pubmed.ncbi.nlm.nih.gov/18249450/,Luteolin,Flavone,60.1 ,EPM,mice,Swiss,Acute,10,2.25,9,10.299727520435967,12.384196185286104,3.6104056343057,8.8283378746594
Coleta et al 2008,2008,"Assessment of luteolin (3′,4′,5,7-tetrahydroxyflavone) neuropharmacological activity",https://pubmed.ncbi.nlm.nih.gov/18249450/,Luteolin,Flavone,60.1 ,EPM,mice,Swiss,Acute,50,2.25,9,10.299727520435967,16.30790190735695,3.6104056343057,8.09264305177112
Huen et al 2003,2003,Naturally occurring 2'-hydroxyl-substituted flavonoids as high-affinity benzodiazepine site ligands ,https://pubmed.ncbi.nlm.nih.gov/14637197/,"5,7,2′-trihydroxy-6,8-dimethoxyflavone",Flavone,0.605,EPM,mice,ICR,Acute,4,16,16,19.24865831842576,33.416815742397134,9.73166368515206,9.15921288014312
Jamal et al 2008,2008,"Evaluation of chalcones--a flavonoid subclass, for, their anxiolytic effects in rats using elevated plus maze and open field behaviour tests ",https://pubmed.ncbi.nlm.nih.gov/19049672/,Isoliquiritigenin,Chalcone,,EPM,rats,Swiss,Acute,15,1.25,10,21.9,27.1,0.916787870774914,4.23745206462563
Jamal et al 2008,2008,"Evaluation of chalcones--a flavonoid subclass, for, their anxiolytic effects in rats using elevated plus maze and open field behaviour tests ",https://pubmed.ncbi.nlm.nih.gov/19049672/,Isoliquiritigenin,Chalcone,,EPM,rats,Swiss,Acute,25,1.25,10,21.9,32.4,0.916787870774914,7.33648417159064
Jamal et al 2008,2008,"Evaluation of chalcones--a flavonoid subclass, for, their anxiolytic effects in rats using elevated plus maze and open field behaviour tests ",https://pubmed.ncbi.nlm.nih.gov/19049672/,Butein,Chalcone,,EPM,rats,Swiss,Acute,15,1.25,10,21.9,26.8,0.916787870774914,4.04771540501553
Jamal et al 2008,2008,"Evaluation of chalcones--a flavonoid subclass, for, their anxiolytic effects in rats using elevated plus maze and open field behaviour tests ",https://pubmed.ncbi.nlm.nih.gov/19049672/,Butein,Chalcone,,EPM,rats,Swiss,Acute,25,1.25,10,21.9,30.2,0.916787870774914,6.76727419276033
Jamal et al 2008,2008,"Evaluation of chalcones--a flavonoid subclass, for, their anxiolytic effects in rats using elevated plus maze and open field behaviour tests ",https://pubmed.ncbi.nlm.nih.gov/19049672/,"2′,2-Dihydroxychalcone",Chalcone,,EPM,rats,Swiss,Acute,15,1.25,10,21.9,22.5,0.916787870774914,4.64854816044752
Jamal et al 2008,2008,"Evaluation of chalcones--a flavonoid subclass, for, their anxiolytic effects in rats using elevated plus maze and open field behaviour tests ",https://pubmed.ncbi.nlm.nih.gov/19049672/,"2′,2-Dihydroxychalcone",Chalcone,,EPM,rats,Swiss,Acute,25,1.25,10,21.9,25.1,0.916787870774914,3.60499653259195
Jamal et al 2008,2008,"Evaluation of chalcones--a flavonoid subclass, for, their anxiolytic effects in rats using elevated plus maze and open field behaviour tests ",https://pubmed.ncbi.nlm.nih.gov/19049672/,"2′-Hydroxy-3,4-Dimethoxychalcone",Chalcone,,EPM,rats,Swiss,Acute,15,1.25,10,21.9,24,0.916787870774914,3.38363709638017
Jamal et al 2008,2008,"Evaluation of chalcones--a flavonoid subclass, for, their anxiolytic effects in rats using elevated plus maze and open field behaviour tests ",https://pubmed.ncbi.nlm.nih.gov/19049672/,"2′-Hydroxy-3,4-Dimethoxychalcone",Chalcone,,EPM,rats,Swiss,Acute,25,1.25,10,21.9,25.9,0.916787870774914,5.24938091587951
Jamal et al 2008,2008,"Evaluation of chalcones--a flavonoid subclass, for, their anxiolytic effects in rats using elevated plus maze and open field behaviour tests ",https://pubmed.ncbi.nlm.nih.gov/19049672/,"4′,4-Dichlorochalcone",Chalcone,,EPM,rats,Swiss,Acute,15,1.25,10,21.9,21.7,0.916787870774914,4.11096095821889
Jamal et al 2008,2008,"Evaluation of chalcones--a flavonoid subclass, for, their anxiolytic effects in rats using elevated plus maze and open field behaviour tests ",https://pubmed.ncbi.nlm.nih.gov/19049672/,"4′,4-Dichlorochalcone",Chalcone,,EPM,rats,Swiss,Acute,25,1.25,10,21.9,19.9,0.916787870774914,3.63661930919364
Jamal et al 2008,2008,"Evaluation of chalcones--a flavonoid subclass, for, their anxiolytic effects in rats using elevated plus maze and open field behaviour tests ",https://pubmed.ncbi.nlm.nih.gov/19049672/,"1,3-bis (4-chlorophenyl)-3-(carboxy-methyl-thio) prop-an-1-on",Chalcone,,EPM,rats,Swiss,Acute,15,1.25,10,21.9,21.4,0.916787870774914,3.3203915431768
Jamal et al 2008,2008,"Evaluation of chalcones--a flavonoid subclass, for, their anxiolytic effects in rats using elevated plus maze and open field behaviour tests ",https://pubmed.ncbi.nlm.nih.gov/19049672/,"1,3-bis (4-chlorophenyl)-3-(carboxy-methyl-thio) prop-an-1-on",Chalcone,,EPM,rats,Swiss,Acute,25,1.25,10,21.9,23.5,0.916787870774914,5.62885423509972
Jamal et al 2008,2008,"Evaluation of chalcones--a flavonoid subclass, for, their anxiolytic effects in rats using elevated plus maze and open field behaviour tests ",https://pubmed.ncbi.nlm.nih.gov/19049672/,4'-Chloro-4-methoxy-chalcone ,Chalcone,,EPM,rats,Swiss,Acute,15,1.25,10,21.9,22.4,0.916787870774914,3.28876876657511
Jamal et al 2008,2008,"Evaluation of chalcones--a flavonoid subclass, for, their anxiolytic effects in rats using elevated plus maze and open field behaviour tests ",https://pubmed.ncbi.nlm.nih.gov/19049672/,4'-Chloro-4-methoxy-chalcone ,Chalcone,,EPM,rats,Swiss,Acute,25,1.25,10,21.9,26.4,0.916787870774914,5.53398590529466
Jamal et al 2008,2008,"Evaluation of chalcones--a flavonoid subclass, for, their anxiolytic effects in rats using elevated plus maze and open field behaviour tests ",https://pubmed.ncbi.nlm.nih.gov/19049672/,1-(4-Chlorophenyl)-3 (4-methoxy-phenyl)-3-(carboxymethylthio) prop-an-1-on ,Chalcone,,EPM,rats,Swiss,Acute,15,1.25,10,21.9,22.8,0.916787870774914,3.79473319220205
Jamal et al 2008,2008,"Evaluation of chalcones--a flavonoid subclass, for, their anxiolytic effects in rats using elevated plus maze and open field behaviour tests ",https://pubmed.ncbi.nlm.nih.gov/19049672/,1-(4-Chlorophenyl)-3 (4-methoxy-phenyl)-3-(carboxymethylthio) prop-an-1-on ,Chalcone,,EPM,rats,Swiss,Acute,25,1.25,10,21.9,26.3,0.916787870774914,5.69209978830308
Ferreira et al 2021,2021,Chalcones reverse the anxiety and convulsive behavior of adult zebrafish,https://pubmed.ncbi.nlm.nih.gov/33711684/," (E)-3-(2,4-Dichlorophenyl)-1-(2-hydroxy-3,4,6-trimethoxyphenyl)prop-2-en-1-one",Chalcone,,LDT,zebrafish,WT,Acute,4,2,6,5.769230769230769,155.76923076923077,2.54558441227157,68.3030793660694
Ferreira et al 2021,2021,Chalcones reverse the anxiety and convulsive behavior of adult zebrafish,https://pubmed.ncbi.nlm.nih.gov/33711684/," (E)-3-(2,4-Dichlorophenyl)-1-(2-hydroxy-3,4,6-trimethoxyphenyl)prop-2-en-1-one",Chalcone,,LDT,zebrafish,WT,Acute,20,2,6,5.769230769230769,206.73076923076923,2.54558441227157,56.5266863719195
Ferreira et al 2021,2021,Chalcones reverse the anxiety and convulsive behavior of adult zebrafish,https://pubmed.ncbi.nlm.nih.gov/33711684/," (E)-3-(2,4-Dichlorophenyl)-1-(2-hydroxy-3,4,6-trimethoxyphenyl)prop-2-en-1-one",Chalcone,,LDT,zebrafish,WT,Acute,40,2,6,5.769230769230769,235.5769230769231,2.54558441227157,44.7502933777695
Ferreira et al 2021,2021,Chalcones reverse the anxiety and convulsive behavior of adult zebrafish,https://pubmed.ncbi.nlm.nih.gov/33711684/,"(E)-3-(4-Chlorophenyl)-1-(2-hydroxy-3,4,6-trimethoxyphenyl)prop-2-en-1-one",Chalcone,,LDT,zebrafish,WT,Acute,4,2,6,5.5045871559633035,11.009174311926607,7.78466181122805,15.7306680729195
Ferreira et al 2021,2021,Chalcones reverse the anxiety and convulsive behavior of adult zebrafish,https://pubmed.ncbi.nlm.nih.gov/33711684/,"(E)-3-(4-Chlorophenyl)-1-(2-hydroxy-3,4,6-trimethoxyphenyl)prop-2-en-1-one",Chalcone,,LDT,zebrafish,WT,Acute,20,2,6,5.5045871559633035,54.12844036697248,7.78466181122805,22.4723829613136
Ferreira et al 2021,2021,Chalcones reverse the anxiety and convulsive behavior of adult zebrafish,https://pubmed.ncbi.nlm.nih.gov/33711684/,"(E)-3-(4-Chlorophenyl)-1-(2-hydroxy-3,4,6-trimethoxyphenyl)prop-2-en-1-one",Chalcone,,LDT,zebrafish,WT,Acute,40,2,6,5.5045871559633035,232.11009174311928,7.78466181122805,78.6533403645975
Ferreira et al 2021,2021,Chalcones reverse the anxiety and convulsive behavior of adult zebrafish,https://pubmed.ncbi.nlm.nih.gov/33711684/,"(E)-3-(2-Fluorophenyl)-1-(2-hydroxy-3,4,6-trimethoxyphenyl)prop-2-en-1-one",Chalcone,,LDT,zebrafish,WT,Acute,4,2,6,5.405405405405405,87.38738738738739,7.64439763444916,17.653980128167
Ferreira et al 2021,2021,Chalcones reverse the anxiety and convulsive behavior of adult zebrafish,https://pubmed.ncbi.nlm.nih.gov/33711684/,"(E)-3-(2-Fluorophenyl)-1-(2-hydroxy-3,4,6-trimethoxyphenyl)prop-2-en-1-one",Chalcone,,LDT,zebrafish,WT,Acute,20,2,6,5.405405405405405,214.4144144144144,7.64439763444916,63.9956779646056
Ferreira et al 2021,2021,Chalcones reverse the anxiety and convulsive behavior of adult zebrafish,https://pubmed.ncbi.nlm.nih.gov/33711684/,"(E)-3-(2-Fluorophenyl)-1-(2-hydroxy-3,4,6-trimethoxyphenyl)prop-2-en-1-one",Chalcone,,LDT,zebrafish,WT,Acute,40,2,6,5.405405405405405,236.03603603603605,7.64439763444916,59.5821829325637
Ferreira et al 2021,2021,Chalcones reverse the anxiety and convulsive behavior of adult zebrafish,https://pubmed.ncbi.nlm.nih.gov/33711684/,"(E)-3-(4-Fluorophenyl)-1-(2-hydroxy-3,4,6-trimethoxyphenyl)prop-2-en-1-one",Chalcone,,LDT,zebrafish,WT,Acute,4,2,6,2.8753993610223643,8.626198083067093,10.8438100629247,14.0865224824592
Ferreira et al 2021,2021,Chalcones reverse the anxiety and convulsive behavior of adult zebrafish,https://pubmed.ncbi.nlm.nih.gov/33711684/,"(E)-3-(4-Fluorophenyl)-1-(2-hydroxy-3,4,6-trimethoxyphenyl)prop-2-en-1-one",Chalcone,,LDT,zebrafish,WT,Acute,20,2,6,2.8753993610223643,107.34824281150159,10.8438100629247,28.1730449649184
Ferreira et al 2021,2021,Chalcones reverse the anxiety and convulsive behavior of adult zebrafish,https://pubmed.ncbi.nlm.nih.gov/33711684/,"(E)-3-(4-Fluorophenyl)-1-(2-hydroxy-3,4,6-trimethoxyphenyl)prop-2-en-1-one",Chalcone,,LDT,zebrafish,WT,Acute,40,2,6,2.8753993610223643,230.99041533546327,10.8438100629247,77.4758736535254
Xavier et al 2020,2020 ,"Structural characterization, electronic properties, and anxiolytic-like effect in adult zebrafish (Danio rerio) of cinnamaldehyde chalcone",https://doi.org/10.1016/j.molstruc.2020.128954,"(2E, 4E) −1- (2‑hydroxy-3,4,6-trimethoxyphenyl)−5-phenylpenta-2,4‑dien‑1-one",Chalcone,,LDT,zebrafish,WT,Acute,0.1,2,6,6.1764705882352935,43.362831858407084,3.48330735172729,9.75460517037548
Xavier et al 2020,2020 ,"Structural characterization, electronic properties, and anxiolytic-like effect in adult zebrafish (Danio rerio) of cinnamaldehyde chalcone",https://doi.org/10.1016/j.molstruc.2020.128954,"(2E, 4E) −1- (2‑hydroxy-3,4,6-trimethoxyphenyl)−5-phenylpenta-2,4‑dien‑1-one",Chalcone,,LDT,zebrafish,WT,Acute,0.5,2,6,6.1764705882352935,179.64601769911505,3.48330735172729,52.0245609086693
Xavier et al 2020,2020 ,"Structural characterization, electronic properties, and anxiolytic-like effect in adult zebrafish (Danio rerio) of cinnamaldehyde chalcone",https://doi.org/10.1016/j.molstruc.2020.128954,"(2E, 4E) −1- (2‑hydroxy-3,4,6-trimethoxyphenyl)−5-phenylpenta-2,4‑dien‑1-one",Chalcone,,LDT,zebrafish,WT,Acute,1,2,6,6.1764705882352935,106.19469026548673,3.48330735172729,9.75460517037551
Ferreira et al 2020,2020 ,Anxiolytic-like effect of chalcone N-{4’[(2E)-3-(3-nitrophenyl)-1-(phenyl)prop-2-en-1-one]} acetamide on adult zebrafish (Danio rerio): Involvement of the 5-HT system,https://doi.org/10.1016/j.bbrc.2020.03.129, 4’-[(2E) -3- (3-nitrophenyl) -1- (phenyl) prop-2-en-1-one] acetamide ,Chalcone,,LDT,zebrafish,WT,Acute,4,2,6,10.597826086956522,201.3586956521739,3.45867447319507,79.8746655255384
Ferreira et al 2020,2020 ,Anxiolytic-like effect of chalcone N-{4’[(2E)-3-(3-nitrophenyl)-1-(phenyl)prop-2-en-1-one]} acetamide on adult zebrafish (Danio rerio): Involvement of the 5-HT system,https://doi.org/10.1016/j.bbrc.2020.03.129, 4’-[(2E) -3- (3-nitrophenyl) -1- (phenyl) prop-2-en-1-one] acetamide ,Chalcone,,LDT,zebrafish,WT,Acute,12,2,6,10.597826086956522,230.7065217391304,3.45867447319507,59.9059991441538
Ferreira et al 2020,2020 ,Anxiolytic-like effect of chalcone N-{4’[(2E)-3-(3-nitrophenyl)-1-(phenyl)prop-2-en-1-one]} acetamide on adult zebrafish (Danio rerio): Involvement of the 5-HT system,https://doi.org/10.1016/j.bbrc.2020.03.129, 4’-[(2E) -3- (3-nitrophenyl) -1- (phenyl) prop-2-en-1-one] acetamide ,Chalcone,,LDT,zebrafish,WT,Acute,40,2,6,10.597826086956522,238.04347826086956,3.45867447319507,29.9529995720769
Oliveira et al 2023,2023,"Synthesis, molecular docking, ADMET, and evaluation of the anxiolytic effect in adult zebrafish of synthetic chalcone (E)-3-(4-(dimethylamino)phenyl)-1-(2-hydroxyphenyl)prop-2-en-1-one: An in vivo and in silico approach ",https://pubmed.ncbi.nlm.nih.gov/37845792/,(E)-3-(4-(dimethylamino)phenyl)-1-(2-hydroxyphenyl)prop-2-en-1-one ,Chalcone,,LDT,zebrafish,WT,Acute,4,2,6,5.511811023622047,210.62992125984252,6.12454692366301,65.5768907516757
Oliveira et al 2023,2023,"Synthesis, molecular docking, ADMET, and evaluation of the anxiolytic effect in adult zebrafish of synthetic chalcone (E)-3-(4-(dimethylamino)phenyl)-1-(2-hydroxyphenyl)prop-2-en-1-one: An in vivo and in silico approach ",https://pubmed.ncbi.nlm.nih.gov/37845792/,(E)-3-(4-(dimethylamino)phenyl)-1-(2-hydroxyphenyl)prop-2-en-1-one ,Chalcone,,LDT,zebrafish,WT,Acute,20,2,6,5.511811023622047,177.95275590551182,6.12454692366301,82.9354794800604
Oliveira et al 2023,2023,"Synthesis, molecular docking, ADMET, and evaluation of the anxiolytic effect in adult zebrafish of synthetic chalcone (E)-3-(4-(dimethylamino)phenyl)-1-(2-hydroxyphenyl)prop-2-en-1-one: An in vivo and in silico approach ",https://pubmed.ncbi.nlm.nih.gov/37845792/,(E)-3-(4-(dimethylamino)phenyl)-1-(2-hydroxyphenyl)prop-2-en-1-one ,Chalcone,,LDT,zebrafish,WT,Acute,40,2,6,5.511811023622047,215.35433070866142,6.12454692366301,73.2918190754022
Ferreira et al 2019,2019,Anxiolytic-like effect of chalcone N-{(4′-[(E)-3-(4-fluorophenyl)-1-(phenyl) prop-2-en-1-one]} acetamide on adult zebrafish (Danio rerio): Involvement of the GABAergic system,https://pubmed.ncbi.nlm.nih.gov/30922939/,N-{(4'-[(E)-3-(4-fluorophenyl)-1-(phenyl) prop-2-en-1-one]} acetamide,Chalcone,,LDT,zebrafish,WT,Acute,4,2,6,5.3019145802650955,21.207658321060382,6.24836625496213,22.7272244175759
Ferreira et al 2019,2019,Anxiolytic-like effect of chalcone N-{(4′-[(E)-3-(4-fluorophenyl)-1-(phenyl) prop-2-en-1-one]} acetamide on adult zebrafish (Danio rerio): Involvement of the GABAergic system,https://pubmed.ncbi.nlm.nih.gov/30922939/,N-{(4'-[(E)-3-(4-fluorophenyl)-1-(phenyl) prop-2-en-1-one]} acetamide,Chalcone,,LDT,zebrafish,WT,Acute,12,2,6,5.3019145802650955,73.34315169366715,6.24836625496213,115.800619651458
Ferreira et al 2019,2019,Anxiolytic-like effect of chalcone N-{(4′-[(E)-3-(4-fluorophenyl)-1-(phenyl) prop-2-en-1-one]} acetamide on adult zebrafish (Danio rerio): Involvement of the GABAergic system,https://pubmed.ncbi.nlm.nih.gov/30922939/,N-{(4'-[(E)-3-(4-fluorophenyl)-1-(phenyl) prop-2-en-1-one]} acetamide,Chalcone,,LDT,zebrafish,WT,Acute,40,2,6,5.3019145802650955,160.82474226804123,6.24836625496213,22.7272244175759
Oliveira et al 2024,2024,"Synthesis, molecular docking, ADMET, and evaluation of the anxiolytic effect in adult zebrafish of synthetic chalcone (E)-3-(4-(dimethylamino)phenyl)-1-(2-hydroxyphenyl)prop-2-en-1-one: An in vivo and in silico approach ",https://pubmed.ncbi.nlm.nih.gov/37845792/,(E)-3-(4-(dimethylamino)phenyl)-1-(2-hydroxyphenyl)prop-2-en-1-one,Chalcone,,LDT,zebrafish,WT,Acute,4,2,6,5.511811023622047,211.81102362204726,5.56776993060274,63.648158670744
Oliveira et al 2024,2024,"Synthesis, molecular docking, ADMET, and evaluation of the anxiolytic effect in adult zebrafish of synthetic chalcone (E)-3-(4-(dimethylamino)phenyl)-1-(2-hydroxyphenyl)prop-2-en-1-one: An in vivo and in silico approach ",https://pubmed.ncbi.nlm.nih.gov/37845792/,(E)-3-(4-(dimethylamino)phenyl)-1-(2-hydroxyphenyl)prop-2-en-1-one,Chalcone,,LDT,zebrafish,WT,Acute,20,2,6,5.511811023622047,178.74015748031496,5.56776993060274,81.9711134395946
Oliveira et al 2024,2024,"Synthesis, molecular docking, ADMET, and evaluation of the anxiolytic effect in adult zebrafish of synthetic chalcone (E)-3-(4-(dimethylamino)phenyl)-1-(2-hydroxyphenyl)prop-2-en-1-one: An in vivo and in silico approach ",https://pubmed.ncbi.nlm.nih.gov/37845792/,(E)-3-(4-(dimethylamino)phenyl)-1-(2-hydroxyphenyl)prop-2-en-1-one,Chalcone,,LDT,zebrafish,WT,Acute,40,2,6,5.511811023622047,216.53543307086616,5.56776993060274,73.2918190754022
